Name,Email,City,Country,Grade
Candice Robinson,sed@outlook.org,Quintero,Russian Federation,91
Nathan Sharpe,nunc.ullamcorper.velit@yahoo.com,Awka,Germany,91
Emmanuel Mcconnell,mi.ac.mattis@icloud.net,Eindhoven,Pakistan,60
Channing Jacobson,bibendum.ullamcorper@google.org,Marchihue,South Africa,76
Ingrid George,metus@icloud.net,Masbate City,Brazil,86
Kai Chen,ut.molestie@aol.couk,Konin,Australia,94
Felix Jenkins,iaculis.aliquet@google.edu,Buren,Vietnam,88
Ciara Casey,ultrices@outlook.edu,Torrevecchia Teatina,South Korea,53
Nevada Ortega,eleifend@icloud.ca,Dublin,South Korea,98
Hedda Acevedo,praesent.luctus@aol.com,Springfield,Pakistan,89
Rina Kirby,pede@protonmail.org,Calapan,South Korea,68
Ebony Santana,ut.mi@google.com,Castelló,New Zealand,91
Hedley Pruitt,orci@aol.com,Valledupar,United States,98
Lynn Ball,non.ante@icloud.com,Trochu,Indonesia,80
Timon Shaw,blandit.enim@outlook.net,Kharkiv,Vietnam,77
Kaitlin Williamson,a.ultricies.adipiscing@protonmail.net,Erciş,Singapore,76
Colin Flynn,ligula@outlook.com,Morwell,Italy,59
Reagan Michael,in@yahoo.couk,Odda,Indonesia,62
Maxwell Bishop,nisl.elementum@hotmail.net,Picton,Germany,62
Yen Mercer,nisi.sem@protonmail.edu,Oyo,United States,77
Blossom Simon,dictum.proin@outlook.ca,Apartadó,Philippines,55
Carl Michael,ut@hotmail.org,Vinnytsia,Norway,86
Daquan O'brien,lectus.sit@hotmail.net,Los Mochis,Colombia,37
Cathleen Lamb,mauris@google.org,San Andrés,Peru,58
Tanek Faulkner,montes.nascetur@protonmail.org,Osorno,Belgium,50
Bo Blackwell,orci.quis.lectus@google.edu,Makurdi,Nigeria,86
Charity Hampton,arcu.sed@aol.org,Wals-Siezenheim,Australia,64
Bradley Camacho,ac@google.com,Katsina,Singapore,87
Wallace Kirk,aptent@icloud.couk,Hong Kong,Norway,70
Neville Cunningham,vel.arcu@yahoo.com,Drohobych,Italy,85
Vera Avila,vel.faucibus.id@google.com,Bludenz,Austria,33
Kylie Macias,eu.augue@outlook.org,Mâcon,New Zealand,33
Lavinia Hunt,hendrerit.consectetuer@aol.edu,Seoul,United States,65
Olympia Roberson,faci-f@icloud.net,San Pedro de Atacama,Vietnam,57
Nero Guthrie,aliquam@google.edu,Frigento,New Zealand,46
Theodore Bonner,enim.gravida.sit@hotmail.com,Pioneer,Philippines,64
Sybil Diaz,orci@aol.couk,Okene,Italy,52
Jeanette Wilder,at.velit@icloud.edu,Atlanta,Vietnam,91
Hannah Park,elit.nulla@aol.ca,Negrete,Pakistan,78
Steel Nolan,pharetra@aol.edu,Ambon,France,33
Desirae Mcdonald,vel@aol.edu,Gander,Vietnam,46
Quin Montgomery,nullam.feugiat.placerat@aol.net,Hougang,Costa Rica,30
Chancellor Cross,fusce.aliquam@hotmail.edu,Izmail,China,91
Fulton Strong,lacus.aliquam@icloud.net,Naushahro Firoze,United Kingdom,95
Jessamine Bradley,erat@aol.edu,Feira de Santana,Spain,45
Kyra Sweeney,aliquam@aol.ca,Zhejiang,Nigeria,80
Carter Weber,interdum.nunc.sollicitudin@yahoo.net,Biên Hòa,Canada,76
Todd Leonard,cras.dolor@dmail.net,Teruel,Russian Federation,72
Aquila Pratt,vehicula.pellentesque@protonmail.org,Linares,Italy,40
Shaeleigh Garcia,posuere.enim@protonmail.couk,Tresigallo,Germany,67
Roanna Wright,nec.diam@google.net,Leke,Colombia,95
Delilah George,integer@yahoo.com,Padang Sidempuan,Sweden,80
Yvonne Suarez,massa-v@yahoo.com,Palencia,Chile,48
Allistair Russo,cras.dictum.ultricies@google.edu,Cuautla,India,37
Declan Keller,nostra.per.inceptos@google.org,Tromsø,France,93
Beau Stokes,nec.ligula.consectetuer@yahoo.net,Toowoomba,Italy,63
Lila Sullivan,ullamcorper@google.org,Lelystad,Germany,77
Xyla Hays,ac.urna.ut@protonmail.edu,Murcia,United Kingdom,56
Karen Watts,ultricies.dignissim@aol.net,Nicoya,Ukraine,62
Kylie Juarez,neque.et.nunc@protonmail.couk,Agartala,Brazil,51
Steel Valdez,sed.molestie.sed@protonmail.com,San Juan de Girón,China,39
Cade Decker,eget.dictum.placerat@google.couk,Segovia,Peru,41
Hollee Spears,nisi.nibh@google.couk,Ankara,Netherlands,85
Beverly Irwin,mollis@outlook.com,Belfast,Poland,96
James Lane,cursus@icloud.org,Liaoning,Costa Rica,30
Yuri Bates,mauris.eu@hotmail.couk,Sotteville-lès-Rouen,Netherlands,98
Signe O'brien,libero.mauris@aol.com,Bengkulu,Canada,46
Jayme Forbes,et.netus@hotmail.org,Río Ibáñez,Chile,40
Gemma Mcmahon,augue@aol.org,Villahermosa,South Korea,85
Kennan Stanton,risus.donec@hotmail.couk,Mexico City,United States,69
Emi Hancock,suscipit.nonummy.fusce@protonmail.couk,Ránquil,Pakistan,88
Fallon Dean,ac.feugiat@aol.ca,Tumba,India,36
Holly Schwartz,euismod@hotmail.com,Swan Hill,Ireland,56
Tana Clements,nunc.sed@icloud.net,Mukachevo,Nigeria,76
Dominic Cameron,donec@outlook.org,Puerto Carreño,Chile,39
Cheryl Booker,gravida.aliquam@icloud.com,Tibet,Colombia,91
Josiah Jefferson,curabitur.massa.vestibulum@protonmail.org,Sloten,Costa Rica,90
Karen Tucker,arcu.vestibulum@hotmail.couk,Gunsan,South Africa,72
May Rodriquez,accumsan.sed@hotmail.com,Pozantı,Ireland,38
Velma Hamilton,risus.donec.egestas@yahoo.com,Bahawalpur,United States,51
Hyatt Valentine,urna.suscipit@protonmail.org,Zielona Góra,Belgium,100
Aquila Russo,lorem.vitae@google.ca,Kohima,South Korea,54
Calvin Simpson,lobortis.tellus@aol.net,Ulsan,Australia,78
Gil Hull,aenean.massa@aol.com,Bukit Batok,Singapore,73
Rowan Battle,sit@hotmail.couk,Neu-Isenburg,Pakistan,34
Imelda Greer,feugiat.placerat@google.org,Wonju,South Korea,92
Colby Page,quam.quis.diam@yahoo.net,Deutschkreutz,South Korea,55
Chelsea Franklin,maecenas@google.ca,Saalfelden am Steinernen Meer,Norway,97
Hadley Owens,lobortis@icloud.ca,Kirkwall,France,35
Fredericka Love,vulputate@yahoo.com,Mukachevo,Italy,89
Channing Bennett,lobortis.nisi.nibh@google.org,Alaminos,Belgium,89
Xantha Montoya,per@outlook.edu,Värnamo,Colombia,94
Dominique Hunter,vitae.diam@google.org,Isernia,South Africa,73
Zahir Hogan,nullam.nisl.maecenas@yahoo.net,Maracanaú,Canada,37
Rana Marsh,amet.consectetuer@outlook.net,Mexicali,Canada,58
Sarah Morton,vitae@protonmail.couk,Gijón,United States,59
Gloria Macdonald,sem.egestas.blandit@yahoo.net,Popayán,France,92
Ori Fry,nascetur.ridiculus@protonmail.couk,Simpang,Nigeria,79
Stacey Sutton,nullam.enim@outlook.edu,Bogotá,India,97
Marvin Whitaker,posuere.at.velit@icloud.org,Brive-la-Gaillarde,United Kingdom,32
